Time,Contract,Fill Type,Filled Qty,Exec.Price,Value,Fill ID,Side,Fee rate,Rebate,Fees paid,Order Type,Order Price,Order Qty,Unfilled Qty,Order ID,Client Order ID
2025-01-21 13:10:33.440744+05:30 IST Asia/Kolkata,BTCUSD,normal,45,102165.5,4597.4475,fd4eed626690496f9be45a21593ed320,sell,0.0005,0,2.71249403,market_order,99617,45,0,268583453,
2025-01-21 12:00:44.689316+05:30 IST Asia/Kolkata,BTCUSD,normal,45,101706,4576.77,8bffc905136e44f5ae0966c63ff95aff,buy,0.0005,0,2.7002943,market_order,104301,45,0,268523271,
2025-01-20 23:40:02.766628+05:30 IST Asia/Kolkata,BTCUSD,normal,40,104019,4160.76,1232a073d0f54a2da01cb15b5454464d,sell,0.0005,0,2.4548484,market_order,101113,40,0,267990813,
2025-01-20 23:30:45.805757+05:30 IST Asia/Kolkata,BTCUSD,normal,40,103425.5,4137.02,20e6096c014d4770971c580b0cac4687,buy,0.0005,0,2.4408418,market_order,105747,40,0,267989878,
2025-01-20 23:23:12.685103+05:30 IST Asia/Kolkata,BTCUSD,liquidation,20,104229.5,2084.59,e400f49076674001a7b27d0632c1637e,buy,0.0005,0,1.2299081,limit_order,104411.5,20,0,267963612,
2025-01-20 23:09:11.557151+05:30 IST Asia/Kolkata,BTCUSD,normal,20,102364,2047.28,bb38eb8db56c411d851c6186bc6ce471,sell,0.0005,0,1.2078952,market_order,100277.5,20,0,267888763,
2025-01-20 23:03:29.736091+05:30 IST Asia/Kolkata,BTCUSD,normal,19,103638,1969.122,42356aa41a0045c3a03189c7a0dc28f8,sell,0.0005,0,1.16178198,market_order,101495,19,0,267782560,
2025-01-20 22:37:57.773417+05:30 IST Asia/Kolkata,BTCUSD,normal,19,103341,1963.479,57d2547fadad4412806c5dd7facf251a,buy,0.0005,0,1.15845261,limit_order,103567,19,0,267763736,
2025-01-20 22:35:58.269566+05:30 IST Asia/Kolkata,ETHUSD,normal,40,3303.15,1321.26,6b86b9e5552545f0af7feb22bb2d9332,buy,0.0005,0,0.7795434,market_order,3402.65,40,0,267740536,
2025-01-20 22:22:14.819012+05:30 IST Asia/Kolkata,ETHUSD,normal,40,3374.5,1349.8,8aaf841426e24402bb84c8c6e8ae4f7f,sell,0.0005,0,0.796382,market_order,3290.65,40,0,267695727,
2024-09-01 23:57:26.160002+05:30 IST Asia/Kolkata,BTCUSD,normal,95,58523.5,5559.7325,f8fe89792ca14ceda8ebffda867b85c4,buy,0.0005,0,3.28024218,market_order,59883.5,95,0,119467979,
2024-09-01 23:56:32.564597+05:30 IST Asia/Kolkata,BTCUSD,normal,25,58380.5,1459.5125,56854e5b6bb74631b0e639184ce47c3c,sell,0.0002,0,0.34444495,limit_order,58380.5,25,0,119452964,
2024-09-01 21:22:54.181097+05:30 IST Asia/Kolkata,BTCUSD,normal,70,58224.5,4075.715,15d833974ff04aef961e4d90b6620f5c,sell,0.0005,0,2.40467185,market_order,56777.5,70,0,119451544,
2024-09-01 20:43:35.543216+05:30 IST Asia/Kolkata,BTCUSD,normal,35,57951.5,2028.3025,989946b1a20b4ef389be86be606edca0,sell,0.0005,0,1.19669848,market_order,56542,50,0,119404067,
2024-09-01 20:43:35.542400+05:30 IST Asia/Kolkata,BTCUSD,normal,15,57952,869.28,9d96f97ba7434cfa94ce0f549ae16256,sell,0.0005,0,0.5128752,market_order,56542,50,35,119404067,
2024-09-01 20:24:31.022587+05:30 IST Asia/Kolkata,BTCUSD,normal,36,57887,2083.932,dad35361571c41c7a02c03c7e75b1c80,buy,0.0005,0,1.22951988,market_order,59306.5,50,0,119402421,
2024-09-01 20:24:31.021774+05:30 IST Asia/Kolkata,BTCUSD,normal,14,57886,810.404,c5234832c52a48edb6921657ad42fd1a,buy,0.0005,0,0.47813836,market_order,59306.5,50,36,119402421,
2024-08-31 22:07:19.381807+05:30 IST Asia/Kolkata,BTCUSD,normal,87,59032.5,5135.8275,b90f5fc1c6c846479fd9c4540bf65550,buy,0.0005,0,3.03013823,market_order,60494,87,0,118719062,
2024-08-31 21:55:13.362811+05:30 IST Asia/Kolkata,BTCUSD,normal,54,58965.5,3184.137,95992e81d3a440d4a5b4ec3d3008ba58,sell,0.0005,0,1.87864083,market_order,57486,87,0,118718742,
2024-08-31 21:55:13.362014+05:30 IST Asia/Kolkata,BTCUSD,normal,33,58966,1945.878,59cc70ce05b748aaaa40e6b33b228306,sell,0.0005,0,1.14806802,market_order,57486,87,54,118718742,
2024-08-28 22:53:09.820015+05:30 IST Asia/Kolkata,BTCUSD,normal,100,5.877E+4,5877,bf77b952c76844a59b7837d68e47f241,buy,0.0005,0,3.46743,market_order,60250.5,100,0,116283263,
2024-08-28 22:48:36.482628+05:30 IST Asia/Kolkata,BTCUSD,normal,100,5.89E+4,5.89E+3,ebe248cf6f7141d8b58c1cf07dac1f4e,sell,0.0002,0,1.39004,limit_order,58900,100,0,116265850,
2024-08-28 22:15:18.118706+05:30 IST Asia/Kolkata,BTCUSD,normal,100,58722.5,5872.25,359d13dcef9342e397ba4410a4a40153,buy,0.0005,0,3.4646275,market_order,60092.5,100,0,116187863,
2024-08-28 22:11:52.729845+05:30 IST Asia/Kolkata,BTCUSD,normal,100,58529,5852.9,0133d54aa0e344cbbd599fe15eeb7c4c,sell,0.0005,0,3.453211,market_order,57065,100,0,116176662,
2024-08-28 21:35:45.737096+05:30 IST Asia/Kolkata,BTCUSD,normal,178,5.88E+4,10466.4,329b96759d8348479cab743336ce0b40,sell,0.0005,0,6.175176,market_order,57418,178,0,116088202,
2024-08-28 20:48:48.088374+05:30 IST Asia/Kolkata,BTCUSD,normal,63,5.865E+4,3694.95,1c617811f3ed435fbc64da25925e98ee,buy,0.0002,0,0.8720082,limit_order,58650,78,0,116025659,
2024-08-28 20:48:48.086746+05:30 IST Asia/Kolkata,BTCUSD,normal,15,5.865E+4,879.75,de70cd3ec0d74224a48568e30a4b1d67,buy,0.0002,0,0.207621,limit_order,58650,78,63,116025659,
2024-08-28 20:40:17.479515+05:30 IST Asia/Kolkata,BTCUSD,normal,50,5.89E+4,2945,85d97708c9734d9eb6f928cd0c2b250e,buy,0.0002,0,0.69502,limit_order,58900,50,0,115993313,
2024-08-28 20:16:09.877311+05:30 IST Asia/Kolkata,BTCUSD,normal,50,5.92E+4,2.96E+3,22cd18bf8864444e822e9e58e2e6e01f,buy,0.0002,0,0.69856,limit_order,59200,50,0,115985039,
2024-08-28 18:17:50.742566+05:30 IST Asia/Kolkata,BTCUSD,normal,29,59965,1738.985,4590057594a046c186ca73f26658d66b,sell,0.0005,0,1.02600115,market_order,58498.5,50,0,115863505,
2024-08-28 18:17:50.741792+05:30 IST Asia/Kolkata,BTCUSD,normal,21,59965.5,1259.2755,948d1e08d877464c9089111bcca8170d,sell,0.0005,0,0.74297255,market_order,58498.5,50,29,115863505,
2024-08-28 16:12:23.593271+05:30 IST Asia/Kolkata,BTCUSD,normal,50,59799,2989.95,1fcf8ffd41724943b17f00ea51481a9a,buy,0.0005,0,1.7640705,limit_order,61267,50,0,115790916,
2024-08-28 16:04:38.584470+05:30 IST Asia/Kolkata,BTCUSD,normal,100,59796.5,5979.65,f13ceb15a19240a2ab9858d48c268b62,sell,0.0005,0,3.5279935,market_order,58352,100,0,115773571,
2024-08-28 16:00:43.314549+05:30 IST Asia/Kolkata,BTCUSD,normal,100,5.99E+4,5.99E+3,d39e41037d70455d94f4b9527ae5bc19,buy,0.0002,0,1.41364,limit_order,59900,100,0,115773371,
2024-08-28 13:35:47.203178+05:30 IST Asia/Kolkata,BTCUSD,normal,50,58701.5,2935.075,c8be35ed73c9430bbd11932499b7939b,buy,0.0005,0,1.73169425,market_order,60119,50,0,115614643,
2024-08-28 13:16:27.770571+05:30 IST Asia/Kolkata,BTCUSD,normal,41,58842.5,2412.5425,700aa93ac37a4425a00266f0b6b4cc8f,sell,0.0005,0,1.42340008,limit_order,58700,50,0,115605871,
2024-08-28 13:16:27.769686+05:30 IST Asia/Kolkata,BTCUSD,normal,9,58843,529.587,57a9a40ce99b45a89a6e24ecdbf6ac87,sell,0.0005,0,0.31245633,limit_order,58700,50,41,115605871,
2024-08-27 23:08:49.658663+05:30 IST Asia/Kolkata,BTCUSD,normal,27,61712.5,1666.2375,0b8ec64b6739457db5a125fa237cc852,sell,0.0005,0,0.98308013,market_order,60220,100,0,115141226,
2024-08-27 23:08:49.628398+05:30 IST Asia/Kolkata,BTCUSD,normal,73,61713,4505.049,daeda0878cc84569969500fb02276d18,sell,0.0005,0,2.65797891,market_order,60220,100,27,115141226,
2024-08-27 22:23:20.843547+05:30 IST Asia/Kolkata,BTCUSD,normal,32,61619.5,1971.824,cac50ba6faad4b1cb0b6465c3219566a,buy,0.0005,0,1.16337616,market_order,63186.5,100,0,115139677,
2024-08-27 22:23:20.842925+05:30 IST Asia/Kolkata,BTCUSD,normal,25,61619,1540.475,a82ebb1f276f46ea86a1251d3def927a,buy,0.0005,0,0.90888025,market_order,63186.5,100,32,115139677,
2024-08-27 22:23:20.842111+05:30 IST Asia/Kolkata,BTCUSD,normal,43,61618.5,2649.5955,52e8b87b5f944d8d8e1a7f2c5c1af890,buy,0.0005,0,1.56326135,market_order,63186.5,100,57,115139677,
2024-08-27 21:01:22.214372+05:30 IST Asia/Kolkata,BTCUSD,normal,89,61797.5,5499.9775,708c93f0a83a4df68cac95103b9be966,sell,0.0005,0,3.24498673,market_order,60201,89,0,115043156,
2024-08-27 20:53:40.737594+05:30 IST Asia/Kolkata,BTCUSD,normal,89,6.176E+4,5496.64,a840dcd209c9476289d14b631f589faa,buy,0.0002,0,1.29720704,limit_order,61760,89,0,115042006,
2024-08-27 15:48:30.871010+05:30 IST Asia/Kolkata,ETHUSD,liquidation,44,2644.55,1163.602,9ee62859655841b09e251dd0efa983c4,sell,0.0005,0,0.68652518,limit_order,2631.65,44,0,114811057,
2024-08-27 15:39:07.625375+05:30 IST Asia/Kolkata,ETHUSD,normal,44,2658.5,1169.74,f7f94eb2bf4d4671a4cd544b98875d20,buy,0.0005,0,0.6901466,market_order,2725.4,44,0,114795958,
2024-08-27 15:13:08.865576+05:30 IST Asia/Kolkata,BTCUSD,normal,28,62587.5,1752.45,249d25e43f3d478a86776b2ece856033,sell,0.0005,0,1.0339455,market_order,61138.5,28,0,114721321,
2024-08-27 12:22:54.138527+05:30 IST Asia/Kolkata,BTCUSD,normal,19,62779,1192.801,374f2bb814924a8faf209f7738d11f70,buy,0.0002,0,0.28150104,limit_order,62779,28,0,114720849,
2024-08-27 12:22:51.835687+05:30 IST Asia/Kolkata,BTCUSD,normal,2,62779,125.558,510bb6e5709440f7ae9598430b398cda,buy,0.0002,0,0.02963169,limit_order,62779,28,19,114720849,
2024-08-27 12:22:50.178211+05:30 IST Asia/Kolkata,BTCUSD,normal,7,62779,439.453,8c509c7f1a6f4a03a282f6aa962ee6f3,buy,0.0002,0,0.10371091,limit_order,62779,28,21,114720849,
2024-08-25 22:11:20.179964+05:30 IST Asia/Kolkata,BTCUSD,normal,36,64029,2305.044,916500c7306847c383938fcde7007a7f,sell,0.0005,0,1.35997596,market_order,62449.5,36,0,113579892,
2024-08-25 21:06:37.983168+05:30 IST Asia/Kolkata,BTCUSD,normal,18,6.41E+4,1153.8,e8ea3745548a4ecf986aedc7aa99d82d,buy,0.0002,0,0.2722968,limit_order,64100,18,0,113579761,
2024-08-25 20:03:35.756471+05:30 IST Asia/Kolkata,BTCUSD,normal,18,64185.5,1155.339,6c64db69e6484a4dba783654a4cdd4c5,buy,0.0005,0,0.68165001,market_order,65799.5,18,0,113547045,
2024-08-25 16:51:10.507187+05:30 IST Asia/Kolkata,BTCUSD,normal,6,63910.5,383.463,a9eae2d632ba480b9048dff19539e695,sell,0.0005,0,0.22624317,market_order,62337.5,36,0,113443334,
2024-08-25 16:51:10.505914+05:30 IST Asia/Kolkata,BTCUSD,normal,21,63911,1342.131,39233026288e43e0a8d5e2e65dac6dfd,sell,0.0005,0,0.79185729,market_order,62337.5,36,6,113443334,
2024-08-25 16:51:10.503139+05:30 IST Asia/Kolkata,BTCUSD,normal,9,63911.5,575.2035,1ff6a53731be4df79ab03ddc99b315c1,sell,0.0005,0,0.33937007,market_order,62337.5,36,27,113443334,
2024-08-25 16:13:54.226171+05:30 IST Asia/Kolkata,BTCUSD,normal,9,63802.5,574.2225,b0c2fb64b212493db280ee8727edd83b,buy,0.0005,0,0.33879128,market_order,65396.5,9,0,113431323,
2024-08-25 16:12:38.229449+05:30 IST Asia/Kolkata,BTCUSD,normal,27,6.383E+4,1723.41,9ea32c9a0e2f46a59617ef99d221e749,buy,0.0005,0,1.0168119,market_order,65424,27,0,113431049,
2024-08-25 16:07:09.963040+05:30 IST Asia/Kolkata,ETHUSD,normal,61,2751.8,1678.598,37922f88ba19430980545074909ad84a,sell,0.0005,0,0.99037282,market_order,2683.9,61,0,113378475,
2024-08-25 13:45:14.937961+05:30 IST Asia/Kolkata,ETHUSD,normal,61,2746.8,1675.548,06666a12b45141a9bf67628fe7494c4b,buy,0.0005,0,0.98857332,market_order,2815.85,61,0,113375679,
2024-08-25 05:35:27.255907+05:30 IST Asia/Kolkata,BTCUSD,normal,76,64442,4897.592,330be168ca854fbfaf26b724f99219e6,buy,0.0005,0,2.88957928,market_order,65779,76,0,112732064,
2024-08-24 21:59:25.286220+05:30 IST Asia/Kolkata,BTCUSD,normal,26,6.43E+4,1671.8,4412ab8248c14d5db35862654a2f2483,sell,0.0002,0,0.3945448,limit_order,64300,26,0,112732451,
2024-08-24 17:16:58.945594+05:30 IST Asia/Kolkata,BTCUSD,normal,50,64011,3200.55,5e20d0facc03430c813cfe21eb9d4f27,sell,0.0005,0,1.8883245,market_order,62382.5,50,0,112731866,
2024-08-23 23:30:45.772316+05:30 IST Asia/Kolkata,BTCUSD,normal,50,63265.5,3163.275,76980f6c0e144c7e9469c6a781a5dd5a,buy,0.0005,0,1.86633225,market_order,64629,50,0,111997821,
2024-08-23 23:27:38.038568+05:30 IST Asia/Kolkata,BTCUSD,normal,50,6.3E+4,3.15E+3,e5a0c567a6ed4c368181ef33014767a1,sell,0.0002,0,0.7434,limit_order,63000,50,0,111989869,
2024-08-23 23:24:34.936063+05:30 IST Asia/Kolkata,BTCUSD,normal,121,62977,7620.217,8689c1a7e82f4d30979c2ebdb0312b6d,buy,0.0005,0,4.49592803,market_order,64416.5,121,0,111977544,
2024-08-23 23:21:32.362540+05:30 IST Asia/Kolkata,BTCUSD,normal,13,62708,815.204,c22655ad313f4e16a4db9daaf2832f94,sell,0.0005,0,0.48097036,market_order,61191,121,0,111975917,
2024-08-23 23:21:32.361477+05:30 IST Asia/Kolkata,BTCUSD,normal,42,62708.5,2633.757,288e5546a5d2442cb95a7abcf18b51a0,sell,0.0005,0,1.55391663,market_order,61191,121,13,111975917,
2024-08-23 23:21:32.359733+05:30 IST Asia/Kolkata,BTCUSD,normal,33,62709,2069.397,8d9c5a93dc58499e9d5fc46d771fca62,sell,0.0005,0,1.22094423,market_order,61191,121,55,111975917,
2024-08-23 23:21:32.358687+05:30 IST Asia/Kolkata,BTCUSD,normal,26,62709.5,1630.447,8f2bcba724cb4873986a5252d6a1772c,sell,0.0005,0,0.96196373,market_order,61191,121,88,111975917,
2024-08-23 23:21:32.357665+05:30 IST Asia/Kolkata,BTCUSD,normal,7,6.271E+4,438.97,bb853887de6a40bb89164c1c89bfe5e4,sell,0.0005,0,0.2589923,market_order,61191,121,114,111975917,
2024-08-23 22:40:08.885093+05:30 IST Asia/Kolkata,BTCUSD,normal,100,61688,6168.8,1bd51db7baf048388da9b27fd9ccbfbf,sell,0.0005,0,3.639592,market_order,60160,100,0,111840245,
2024-08-23 22:17:26.122670+05:30 IST Asia/Kolkata,BTCUSD,normal,100,61546.5,6154.65,4f4beece69c540c0b9e116f50d17e63f,buy,0.0005,0,3.6312435,market_order,63072.5,100,0,111835189,
2024-08-23 19:46:32.121684+05:30 IST Asia/Kolkata,BTCUSD,normal,42,61958,2602.236,c6c912ff930644679cde0eb346c90af9,sell,0.0005,0,1.53531924,market_order,60657.5,42,0,111530884,
2024-08-23 19:36:26.649444+05:30 IST Asia/Kolkata,BTCUSD,normal,18,61386,1104.948,d5113df94d1b49ecaed8539ea7046901,buy,0.0005,0,0.65191932,market_order,62955,18,0,111530390,
2024-08-23 19:35:54.175426+05:30 IST Asia/Kolkata,BTCUSD,normal,12,6.15E+4,738,dd09aa1daa244ee282a53f8238d8bd9d,buy,0.0005,0,0.43542,market_order,63151,24,0,111526773,
2024-08-23 19:35:54.174784+05:30 IST Asia/Kolkata,BTCUSD,normal,8,61499.5,491.996,ee8b97b2ceeb419a8c1511460369a130,buy,0.0005,0,0.29027764,market_order,63151,24,12,111526773,
2024-08-23 19:35:54.173948+05:30 IST Asia/Kolkata,BTCUSD,normal,4,61499,245.996,bc17c0564dea43349a262c52c279c4e9,buy,0.0005,0,0.14513764,market_order,63151,24,20,111526773,
2024-08-22 22:40:26.675453+05:30 IST Asia/Kolkata,BTCUSD,normal,112,60388,6763.456,f6308f65b2824597baa8a15fdd49676a,buy,0.0005,0,3.99043904,market_order,61869.5,112,0,110966069,
2024-08-22 22:12:38.836688+05:30 IST Asia/Kolkata,BTCUSD,normal,22,60561.5,1332.353,890f95241eed4c7195f43302fe2fd77d,sell,0.0005,0,0.78608827,market_order,59055,22,0,110958197,
2024-08-22 22:05:46.876729+05:30 IST Asia/Kolkata,BTCUSD,normal,90,60501.5,5445.135,21c8de4fde544a3dbcb60381f358ee91,sell,0.0005,0,3.21262965,market_order,58966.5,90,0,110953173,
2024-08-22 21:08:54.385213+05:30 IST Asia/Kolkata,BTCUSD,normal,33,60266.5,1988.7945,16ae0eed09e4459c9b4115659345cc95,sell,0.0005,0,1.17338876,market_order,58777.5,33,0,110898332,
2024-08-22 21:04:27.905798+05:30 IST Asia/Kolkata,BTCUSD,normal,16,60341,965.456,693e3292120f4584989b77056999cbd0,buy,0.0005,0,0.56961904,limit_order,60504,33,0,110898069,
2024-08-22 21:04:27.905740+05:30 IST Asia/Kolkata,BTCUSD,normal,17,60340.5,1025.7885,5eeca093ebd74a85949abf4e302af1d2,buy,0.0005,0,0.60521522,limit_order,60504,33,16,110898069,
2024-08-22 20:59:06.766657+05:30 IST Asia/Kolkata,BTCUSD,normal,34,60446,2055.164,e20b9233355c493288fc5992331fcb78,sell,0.0005,0,1.21254676,market_order,58972,34,0,110890422,
2024-08-22 20:56:29.148420+05:30 IST Asia/Kolkata,BTCUSD,normal,34,60438.5,2054.909,13aa969de19246e59f8d12e4e98994fd,buy,0.0005,0,1.21239631,market_order,61932.5,34,0,110887732,
2024-08-22 20:49:17.976796+05:30 IST Asia/Kolkata,BTCUSD,normal,36,60593,2181.348,bc58879b8c0945b794c9c5546bc36f75,sell,0.0005,0,1.28699532,market_order,59109,36,0,110877069,
2024-08-22 20:47:45.678869+05:30 IST Asia/Kolkata,BTCUSD,normal,36,6.066E+4,2183.76,671432414bbe4d6aac4f6377cdafc7fb,buy,0.0002,0,0.51536736,limit_order,60660,36,0,110876651,
2024-08-22 18:02:58.627946+05:30 IST Asia/Kolkata,BTCUSD,normal,18,61009.5,1098.171,d0d223e4af2f482dbe8968aba7e04601,sell,0.0005,0,0.64792089,market_order,59635.5,18,0,110715208,
2024-08-22 17:59:11.498809+05:30 IST Asia/Kolkata,BTCUSD,normal,18,61242,1102.356,9818b93070be4491ac11b1bb4d273c8a,buy,0.0005,0,0.65039004,market_order,62745.5,18,0,110714879,
2024-08-21 21:18:53.609304+05:30 IST Asia/Kolkata,BTCUSD,normal,41,5.959E+4,2443.19,f29ae23a81cf4bb4bf155ba12d578e40,sell,0.0005,0,1.4414821,market_order,58164.5,42,0,110095663,
2024-08-21 21:18:53.608345+05:30 IST Asia/Kolkata,BTCUSD,normal,1,59590.5,59.5905,50eab5479fb045a5855a660e72d59fa2,sell,0.0005,0,0.0351584,market_order,58164.5,42,41,110095663,
2024-08-21 21:17:36.744912+05:30 IST Asia/Kolkata,BTCUSD,normal,42,59725.5,2508.471,d7841fa403984c82a6ceeef6468614e8,buy,0.0002,0,0.59199916,limit_order,59725.5,42,0,110095142,
2024-08-21 21:15:35.867684+05:30 IST Asia/Kolkata,BTCUSD,normal,55,59742.5,3285.8375,3918f2dc50f94193b4b8408fc7bf268b,buy,0.0005,0,1.93864413,market_order,61220.5,55,0,110066616,
2024-08-21 21:04:35.637594+05:30 IST Asia/Kolkata,BTCUSD,normal,13,59637.5,775.2875,7db66f827ea548599f816f95b61b7822,sell,0.0005,0,0.45741963,market_order,58123.5,13,0,110083796,
2024-08-21 20:44:50.729660+05:30 IST Asia/Kolkata,BTCUSD,normal,18,59511,1071.198,87c57234645242fdaa8e65dd53604683,sell,0.0002,0,0.25280273,limit_order,59511,18,0,110066900,
2024-08-21 20:28:44.312184+05:30 IST Asia/Kolkata,BTCUSD,normal,24,59445.5,1426.692,409c2b6412824ff3bb9f295014b9d2d7,sell,0.0002,0,0.33669932,limit_order,59445.5,24,0,110053515,
2024-08-21 14:32:03.817712+05:30 IST Asia/Kolkata,BTCUSD,normal,7,59416.5,415.9155,b7e6ec925f8b4c448bcd392e209ddf50,sell,0.0005,0,0.24539015,market_order,57945.5,7,0,109721511,
2024-08-21 14:05:22.929718+05:30 IST Asia/Kolkata,BTCUSD,normal,7,59528,416.696,5f666a66b04b4829bd93d101a8fa9684,buy,0.0005,0,0.24585064,limit_order,59804.5,7,0,109721373,
2024-08-21 14:04:41.043600+05:30 IST Asia/Kolkata,BTCUSD,normal,8,59515,476.12,d031d58684c74c328055686abf0dd358,buy,0.0005,0,0.2809108,market_order,60981.5,8,0,109717579,
2024-08-21 14:01:33.362233+05:30 IST Asia/Kolkata,BTCUSD,normal,8,59434.5,475.476,35599b63d3704414931366b74d0f5df3,sell,0.0005,0,0.28053084,limit_order,59425,8,0,109717517,
2024-08-20 21:33:00.449322+05:30 IST Asia/Kolkata,BTCUSD,normal,7,58943.5,412.6045,df35e168cba8417e9a3f67e6bb8bf331,buy,0.0005,0,0.24343666,market_order,60312,7,0,109274290,
2024-08-20 20:49:37.084966+05:30 IST Asia/Kolkata,BTCUSD,normal,1,5.91E+4,59.1,679de28faf4348259fdc2af4d04335e1,sell,0.0002,0,0.0139476,limit_order,59100,7,0,109268802,
2024-08-20 20:49:37.002417+05:30 IST Asia/Kolkata,BTCUSD,normal,6,5.91E+4,354.6,3be60eaed0dd4d5db148463332e4d7c2,sell,0.0002,0,0.0836856,limit_order,59100,7,1,109268802,
2024-08-20 20:12:04.094054+05:30 IST Asia/Kolkata,BTCUSD,normal,5,59589.5,297.9475,6d16142f2eee4c0b933ffd43a77a3cce,buy,0.0005,0,0.17578903,market_order,61233,5,0,109175228,
2024-08-20 20:05:20.589581+05:30 IST Asia/Kolkata,BTCUSD,normal,5,59901.5,299.5075,deec084d39304bf4a8bd35d0564ebaa0,sell,0.0005,0,0.17670943,market_order,58485,5,0,109173688,
2024-08-20 18:31:24.853017+05:30 IST Asia/Kolkata,BTCUSD,normal,5,60554,302.77,36f41dac874e43c6b152c2ac7f6b0db2,sell,0.0005,0,0.1786343,market_order,59106.5,5,0,108974312,
2024-08-20 16:39:35.193591+05:30 IST Asia/Kolkata,BTCUSD,normal,5,60654.5,303.2725,3bce328e98f14fa4adad05482fb3c8a3,buy,0.0005,0,0.17893078,market_order,62156,5,0,108972513,
2024-08-20 16:39:02.356028+05:30 IST Asia/Kolkata,BTCUSD,normal,10,60632,606.32,c7508f54a5144e9ab63812f7f50fe212,sell,0.0005,0,0.3577288,market_order,59171.5,10,0,108950915,
2024-08-20 15:49:33.040732+05:30 IST Asia/Kolkata,BTCUSD,normal,2,6.075E+4,121.5,6c41af6112ae46968e951c18ace1333a,buy,0.0005,0,0.071685,market_order,62291.5,2,0,108951675,
2024-08-20 15:42:53.973592+05:30 IST Asia/Kolkata,BTCUSD,normal,8,60788.5,486.308,471dd9dee04848f4a5f9ec59fa7c0ae1,buy,0.0005,0,0.28692172,market_order,62303,8,0,108950126,
2024-08-20 00:01:27.875769+05:30 IST Asia/Kolkata,BTCUSD,normal,8,58999.5,471.996,e5262351fb29473c9a1b5bd9bf5399cd,sell,0.0005,0,0.27847764,market_order,57456,8,0,108533915,
2024-08-19 23:44:00.305761+05:30 IST Asia/Kolkata,BTCUSD,normal,8,58743,469.944,9ab5a64873d7482a97c42aa3c58a004a,buy,0.0002,0,0.11090679,limit_order,58743,8,0,108524788,
2024-08-19 23:21:18.768819+05:30 IST Asia/Kolkata,ETHUSD,normal,13,2599.65,337.9545,abaf284f9fd946368e2f87da034e65c6,sell,0.0005,0,0.19939316,market_order,2541.25,13,0,108493094,
2024-08-19 23:13:53.989119+05:30 IST Asia/Kolkata,ETHUSD,normal,13,2611.3,339.469,37ab31fea70142b0ab0d900d36603def,buy,0.0005,0,0.20028671,market_order,2676.6,13,0,108492835,
2024-08-19 23:12:47.995089+05:30 IST Asia/Kolkata,BTCUSD,normal,3,58968,176.904,06bad2ec9acd4242aeb286cda3bc4376,sell,0.0005,0,0.10437336,market_order,57559,13,0,108491178,
2024-08-19 23:12:47.995031+05:30 IST Asia/Kolkata,BTCUSD,normal,10,58968,589.68,ff8241473ce948dd93e57de23cad764c,sell,0.0005,0,0.3479112,market_order,57559,13,3,108491178,
2024-08-19 23:12:14.257703+05:30 IST Asia/Kolkata,BTCUSD,normal,13,59036,767.468,af9ff5957f574c3ea62241037ea3d002,buy,0.0005,0,0.45280612,market_order,60549,13,0,108488705,
2024-08-19 23:11:25.385620+05:30 IST Asia/Kolkata,BTCUSD,normal,18,59052,1062.936,f50e63a4a08b4227a24bef6e35bfa8fe,sell,0.0005,0,0.62713224,market_order,57641,18,0,108479626,
2024-08-19 23:09:14.396346+05:30 IST Asia/Kolkata,BTCUSD,normal,18,59159.5,1064.871,b02158cb204641e59a010aad1e292b0e,buy,0.0005,0,0.62827389,market_order,60611.5,18,0,108474488,
2024-08-19 22:44:36.792343+05:30 IST Asia/Kolkata,BTCUSD,normal,10,58621,586.21,20b2bdd4ae3f49ae812d0ab159a98b61,sell,0.0005,0,0.3458639,market_order,57188.5,10,0,108374397,
2024-08-19 22:22:27.694881+05:30 IST Asia/Kolkata,BTCUSD,normal,10,58593,585.93,dfeb88636867478daa5e825d2acd6697,buy,0.0002,0,0.13827948,limit_order,58593,10,0,108370880,
2024-08-19 22:21:40.139748+05:30 IST Asia/Kolkata,BTCUSD,normal,5,58596,292.98,c7b17482ff684dc2af79ee42198ad3f7,buy,0.0005,0,0.1728582,market_order,60043.5,5,0,108370743,
2024-08-19 22:12:49.679484+05:30 IST Asia/Kolkata,BTCUSD,normal,5,58459.5,292.2975,f24f0d18072a49cdbb19870aeded7a1b,sell,0.0005,0,0.17245553,limit_order,58353,5,0,108366363,
2024-08-19 20:47:18.763838+05:30 IST Asia/Kolkata,BTCUSD,normal,2,58527.5,117.055,5d98f1fdadce4eb7adbe50ebe55065f5,sell,0.0005,0,0.06906245,market_order,57093.5,2,0,108318848,
2024-08-19 20:19:28.370442+05:30 IST Asia/Kolkata,BTCUSD,normal,2,58410.5,116.821,c251cc7f100a4d0d9240c7416195466b,buy,0.0005,0,0.06892439,market_order,59878,2,0,108305360,
2024-08-19 00:48:38.235787+05:30 IST Asia/Kolkata,BTCUSD,normal,10,59641,596.41,02db9d482ad246eb8204ad51349b2577,buy,0.0005,0,0.3518819,market_order,61098.5,10,0,107691990,
2024-08-19 00:48:37.140936+05:30 IST Asia/Kolkata,BTCUSD,normal,2,59635,119.27,276c698ad4ee47f8b2dc77140405416c,sell,0.0002,0,0.02814772,limit_order,59635,5,0,107569448,
2024-08-19 00:48:37.139229+05:30 IST Asia/Kolkata,BTCUSD,normal,3,59635,178.905,a0c1ea7ef469427e95dc54ffcbd0f2c0,sell,0.0002,0,0.04222158,limit_order,59635,5,2,107569448,
2024-08-18 21:04:49.738906+05:30 IST Asia/Kolkata,BTCUSD,normal,5,5.989E+4,299.45,89f0563af8844712818ef2e2c2015696,sell,0.0005,0,0.1766755,limit_order,59890,5,0,107569273,
2024-08-18 21:04:28.694060+05:30 IST Asia/Kolkata,BTCUSD,normal,5,59878.5,299.3925,3673be8949d34704b6694c0d010a15ba,buy,0.0005,0,0.17664158,limit_order,60091,5,0,107569202,
2024-08-18 21:02:56.085565+05:30 IST Asia/Kolkata,BTCUSD,normal,5,59834.5,299.1725,6ea4227e175b4c2289692e48141e397f,sell,0.0005,0,0.17651178,market_order,58326.5,5,0,107568693,
2024-08-18 18:21:49.597301+05:30 IST Asia/Kolkata,BTCUSD,normal,9,60020.5,540.1845,3a399315eae74e4991ecdca814633316,buy,0.0005,0,0.31870886,market_order,61499.5,9,0,107467348,
2024-08-18 18:16:10.802821+05:30 IST Asia/Kolkata,BTCUSD,normal,5,6.025E+4,301.25,0620921ba8f84d6fb6226088f9a6c70e,sell,0.0002,0,0.071095,limit_order,60250,5,0,107458985,
2024-08-18 18:11:11.709884+05:30 IST Asia/Kolkata,BTCUSD,normal,4,60121,240.484,90e76715c08f4cb4a867ae6487f1e775,sell,0.0005,0,0.14188556,market_order,58608,4,0,107457820,
2024-08-18 15:19:59.681385+05:30 IST Asia/Kolkata,BTCUSD,normal,4,59828,239.312,e69e314fe6594f17a752a3b2eb1fc616,sell,0.0005,0,0.14119408,market_order,58308,4,0,107278639,
2024-08-18 14:56:24.814505+05:30 IST Asia/Kolkata,BTCUSD,normal,4,5.97E+4,238.8,f08150584de241f09f65e7ed3832cb0e,buy,0.0002,0,0.0563568,limit_order,59700,4,0,107275015,
2024-08-16 22:53:42.321240+05:30 IST Asia/Kolkata,BTCUSD,normal,4,58431,233.724,7134851e3c944bc89742ef1d5fc75495,buy,0.0005,0,0.13789716,market_order,59933,4,0,106031996,
2024-08-16 22:46:30.861663+05:30 IST Asia/Kolkata,BTCUSD,normal,4,58522,234.088,b2824293f1e64d3586f0909b2b616722,sell,0.0002,0,0.05524477,limit_order,58522,4,0,106030544,
2024-08-13 11:30:27.965154+05:30 IST Asia/Kolkata,SUIUSD,liquidation,2,0.9567,1.9134,ea99a2a7b9014bf898630d61112e9303,sell,0.0005,0,0.00112891,limit_order,0.9322,2,0,101713582,
2024-08-13 01:13:51.937407+05:30 IST Asia/Kolkata,SUIUSD,normal,1,1.0036,1.0036,1ad73024fcf14a95addf646e6b9c28fd,buy,0.0005,0,0.00059213,market_order,1.055,1,0,101502024,
2024-08-13 01:09:55.393217+05:30 IST Asia/Kolkata,SUIUSD,normal,1,1.012,1.012,de33a85f85e74ac3b4ce71685ab68e46,buy,0.0005,0,0.00059708,market_order,1.0627,1,0,101499649,
2024-07-11 18:01:19.514321+05:30 IST Asia/Kolkata,BTCUSD,liquidation,2,59150.5,118.301,f499df34c63048a0bc9c9ad1b6ee6b3c,sell,0.00045,0,0.06281784,limit_order,59016,2,0,71961765,
2024-07-11 18:01:11.909678+05:30 IST Asia/Kolkata,BTCUSD,normal,2,59312.5,118.625,7ab490a999ed4c2ba413a6921b950119,buy,0.00045,0,0.06298988,market_order,60795,2,0,71961625,
2024-07-11 15:33:33.509926+05:30 IST Asia/Kolkata,BTCUSD,normal,1,58453.5,58.4535,d54a52f4bec74f02a39f34ebf52e96a9,buy,0.00045,0,0.03103881,market_order,59808.5,1,0,71857488,
2024-07-11 15:01:36.326950+05:30 IST Asia/Kolkata,BTCUSD,normal,1,5.83E+4,58.3,8dd2ed3a964a4ebaa50410536cb6cd13,sell,0.00018,0,0.01238292,limit_order,58300,1,0,71857375,
2024-07-10 22:23:35.164897+05:30 IST Asia/Kolkata,ETHUSD,normal,1,3122.95,31.2295,35eb641b5ab84438ae962c61ca113c51,buy,0.00045,0,0.01658287,market_order,3199.55,1,0,71575051,
2024-07-10 21:34:34.421525+05:30 IST Asia/Kolkata,ETHUSD,normal,1,3127.65,31.2765,844235f3470443e28f75ad81c944f917,sell,0.00045,0,0.01660783,market_order,3046.45,1,0,71572506,
2024-07-10 21:15:21.469345+05:30 IST Asia/Kolkata,BTCUSD,normal,2,58007,116.014,f76fc095b17c496897fd72f65bbcbcd0,sell,0.00045,0,0.06160344,market_order,56518,2,0,71553030,
2024-07-10 21:04:36.981424+05:30 IST Asia/Kolkata,BTCUSD,normal,2,5.786E+4,115.72,99d9b66347c34f12b440bbff3f6ceb77,buy,0.00045,0,0.06144732,market_order,59309.5,2,0,71552535,
2024-07-10 19:17:36.573466+05:30 IST Asia/Kolkata,BTCUSD,normal,1,57755.5,57.7555,ede16442e7ff492b93ebf6794406fa25,buy,0.00045,0,0.03066818,market_order,59241,1,0,71474140,
2024-07-10 18:08:06.506447+05:30 IST Asia/Kolkata,BTCUSD,normal,1,58062.5,58.0625,85940d0394084a44850b2257bfeea020,sell,0.00045,0,0.03083119,market_order,56617.5,1,0,71463525,
2024-07-10 18:07:45.064876+05:30 IST Asia/Kolkata,BTCUSD,liquidation,3,58055,174.165,ff72f0305ecf4cf087b747c4e25ac32e,buy,0.00045,0,0.09248162,limit_order,58199,3,0,71463406,
2024-07-10 18:07:05.749819+05:30 IST Asia/Kolkata,BTCUSD,normal,3,57909.5,173.7285,5e99ad954ce4472abc517fd900f9a20d,sell,0.00045,0,0.09224984,market_order,56507.5,3,0,71463207,
2024-07-10 18:03:26.922559+05:30 IST Asia/Kolkata,BTCUSD,normal,1,58015.5,58.0155,8d78e3cfdf0446cda5cf143b1e2ca62b,sell,0.00045,0,0.03080624,market_order,56703,1,0,71387778,
2024-07-10 15:38:35.329223+05:30 IST Asia/Kolkata,BTCUSD,normal,1,58523.5,58.5235,12ee26f2848c493dbe93766c258ea251,buy,0.00045,0,0.03107598,market_order,59968,1,0,71387665,
2024-07-09 16:10:51.874302+05:30 IST Asia/Kolkata,BTCUSD,normal,1,57334.5,57.3345,351cba4324d94452bf7d9439f7b2a441,buy,0.00045,0,0.03044462,market_order,58789,1,0,70779945,
2024-07-09 14:23:02.063968+05:30 IST Asia/Kolkata,BTCUSD,normal,1,57698,57.698,eb56a3d6d84f4a11bcd449502c87cf74,sell,0.00045,0,0.03063764,market_order,56239.5,1,0,70778173,
2024-07-09 13:45:44.016137+05:30 IST Asia/Kolkata,BTCUSD,normal,1,57432,57.432,570f6684294a48c5b3bf9b20eff3bad4,buy,0.00045,0,0.0304964,market_order,58845,1,0,70753416,
2024-07-09 12:38:40.791774+05:30 IST Asia/Kolkata,BTCUSD,normal,1,57469,57.469,b9364391620e4bc58ae19e7697cfc48e,sell,0.00045,0,0.03051604,market_order,56037.5,1,0,70721904,
2024-07-08 23:41:48.660033+05:30 IST Asia/Kolkata,BTCUSD,normal,4,56382.5,225.53,e76d4ee7dccc4c429ff858917ff5820c,buy,0.00045,0,0.11975643,market_order,57761,5,0,70492830,
2024-07-08 23:41:48.659974+05:30 IST Asia/Kolkata,BTCUSD,normal,1,56382.5,56.3825,c318816edfc4423396e0490a7d636285,buy,0.00045,0,0.02993911,market_order,57761,5,4,70492830,
2024-07-08 23:27:16.728532+05:30 IST Asia/Kolkata,BTCUSD,normal,5,56256.5,281.2825,70f6a6194f4d45708022f1fb8e1a2d91,sell,0.00045,0,0.14936101,market_order,54843.5,5,0,70484090,
2024-07-08 23:24:04.992398+05:30 IST Asia/Kolkata,BTCUSD,normal,1,56236.5,56.2365,1a4c2c52e8d54bdf886be2d49a1227cc,sell,0.00045,0,0.02986159,market_order,54816,1,0,70471576,
2024-07-08 22:52:05.428587+05:30 IST Asia/Kolkata,BTCUSD,normal,1,55965.5,55.9655,7e8caa0a251e4af986529939302aa685,buy,0.00045,0,0.02971769,market_order,57339,1,0,70466289,
2024-07-08 22:45:40.889019+05:30 IST Asia/Kolkata,BTCUSD,normal,2,56018.5,112.037,2deb7776586a4d359d9f08244b2f4712,buy,0.00045,0,0.05949165,market_order,57354,2,0,70402048,
2024-07-08 21:26:54.279934+05:30 IST Asia/Kolkata,BTCUSD,normal,2,55795.5,111.591,7e187b1e75a94bb3a1804b778bf5847d,sell,0.00045,0,0.05925483,limit_order,55549.5,2,0,70401319,
2024-07-08 21:25:33.841179+05:30 IST Asia/Kolkata,BTCUSD,normal,2,55788,111.576,e3606027236a4b51b27947232e43f9ed,sell,0.00045,0,0.05924686,market_order,54454,2,0,70399111,
2024-07-08 21:23:49.175185+05:30 IST Asia/Kolkata,BTCUSD,normal,1,5.59E+4,55.9,748c9dcdd4dd4a0c948e7cc180ce884a,buy,0.00018,0,0.01187316,limit_order,55900,1,0,70392900,
2024-07-08 21:06:32.275399+05:30 IST Asia/Kolkata,BTCUSD,normal,1,5.63E+4,56.3,a519aabd8e414f5db5fb5d2b3b829d42,buy,0.00018,0,0.01195812,limit_order,56300,1,0,70374527,
2024-07-08 19:58:29.035339+05:30 IST Asia/Kolkata,BTCUSD,normal,1,56011.5,56.0115,e36d17ebeb5348be852ab8a469774edb,buy,0.00045,0,0.02974211,market_order,57725.5,1,0,70054506,
2024-07-08 14:58:35.564197+05:30 IST Asia/Kolkata,BTCUSD,normal,1,57855.5,57.8555,52960ad1700f4d50a45bbe0bd3d2c410,sell,0.00045,0,0.03072128,market_order,56358.5,1,0,70051371,
2024-07-08 06:08:33.609716+05:30 IST Asia/Kolkata,BTCUSD,liquidation,1,55406,55.406,4f2f4a95e17f4be7bae54aaf887b74ad,sell,0.00045,0,0.02942059,limit_order,55270.5,1,0,69723075,
2024-07-06 00:38:24.279953+05:30 IST Asia/Kolkata,BTCUSD,normal,1,56372.5,56.3725,822b9a336f804cf8ada4b6400ea60dff,buy,0.00045,0,0.0299338,market_order,57786.5,1,0,68376244,
2024-07-06 00:34:44.452456+05:30 IST Asia/Kolkata,BTCUSD,liquidation,7,5.638E+4,394.66,72c6b1056f9d48dfbbe12e7f3b77c722,sell,0.00045,0,0.20956446,limit_order,56239.5,7,0,68374027,
2024-07-06 00:18:47.032011+05:30 IST Asia/Kolkata,BTCUSD,normal,7,56522,395.654,934fef8c4a6b431698144e57cf95eca8,buy,0.00045,0,0.21009228,market_order,57983,7,0,68368243,
2024-07-05 23:48:30.259462+05:30 IST Asia/Kolkata,BTCUSD,liquidation,26,55856.5,1452.269,7a9517ff242245c7b348b67fb9034c3a,sell,0.00045,0,0.77115484,limit_order,55720.5,26,0,68342207,
2024-07-05 23:45:39.406949+05:30 IST Asia/Kolkata,BTCUSD,normal,26,5.6E+4,1456,30a7e2edeed442959def502171630c7c,buy,0.00018,0,0.3092544,limit_order,56000,26,0,68222220,